,loss,mae,val_loss,val_mae
0,21.288545608520508,21.290590286254883,29.593576431274414,29.574748992919922
