,loss,mae,val_loss,val_mae
0,34.02382278442383,34.22625732421875,46.13412094116211,45.01907730102539
