,loss,val_loss
0,33.64714813232422,45.16157531738281
